timestamp,state,mem_available_mib,swap_free_mib,swap_total_mib,carla_pid,carla_rss_mib,carla_anon_mib,carla_file_mib,carla_shmem_mib,gpu_used_mib,gpu_total_mib,gpu_utilization_pct
1784969019.0396705,ok,27338,312,2047,0,0,0,0,0,21,8188,0
1784969020.0970986,ok,27334,313,2047,0,0,0,0,0,21,8188,0
1784969021.1605556,ok,27330,313,2047,0,0,0,0,0,21,8188,0
1784969022.2198417,ok,27335,313,2047,0,0,0,0,0,21,8188,0
1784969023.2751205,ok,27335,313,2047,0,0,0,0,0,21,8188,0
1784969024.3317049,ok,27344,313,2047,0,0,0,0,0,21,8188,0
1784969025.3877163,ok,27341,313,2047,0,0,0,0,0,21,8188,0
1784969026.4347615,ok,27275,313,2047,24612,169,50,119,0,33,8188,0
1784969027.48177,ok,26869,313,2047,24612,542,308,233,0,272,8188,1
1784969028.5236218,ok,25729,313,2047,24612,1553,999,554,0,648,8188,15
1784969029.5775387,ok,25132,313,2047,24612,2101,1419,682,0,1013,8188,0
1784969030.6268601,ok,25008,313,2047,24612,2280,1465,815,0,1329,8188,24
1784969031.6715996,ok,23912,313,2047,24612,3292,2401,890,0,1437,8188,0
1784969032.7160153,ok,23483,313,2047,24612,3522,2375,1147,0,1895,8188,0
1784969033.7672787,ok,23467,313,2047,24612,3745,2525,1219,0,2078,8188,0
1784969034.8150377,ok,21671,314,2047,24612,5514,3403,2110,0,3020,8188,0
1784969035.8640833,ok,22334,314,2047,24612,4807,2685,2121,0,3445,8188,0
1784969036.9229102,ok,22600,314,2047,24612,4516,2711,1804,0,3479,8188,62
1784969037.9659963,ok,23976,314,2047,24612,3169,2720,448,0,3479,8188,50
1784969039.0186756,ok,23997,314,2047,24612,3168,2720,447,0,3446,8188,44
1784969040.0616622,ok,24047,314,2047,24612,3173,2723,449,0,3591,8188,44
1784969041.105037,ok,24087,314,2047,24612,3173,2724,449,0,3615,8188,37
1784969042.1613967,ok,24100,314,2047,24612,3173,2724,449,0,3615,8188,42
1784969043.2128747,ok,24108,314,2047,24612,3174,2724,450,0,3615,8188,50
1784969044.2778134,ok,24078,314,2047,24612,3183,2734,449,0,3625,8188,44
1784969045.3244023,ok,24121,314,2047,24612,3183,2734,449,0,3625,8188,47
1784969046.369953,ok,24129,314,2047,24612,3183,2734,449,0,3625,8188,50
1784969047.4201424,ok,24149,314,2047,24612,3183,2734,449,0,3625,8188,44
1784969048.4667292,ok,24166,314,2047,24612,3183,2734,449,0,3625,8188,50
1784969049.5151315,ok,24151,314,2047,24612,3183,2734,449,0,3625,8188,45
1784969050.570714,ok,24102,314,2047,24612,3191,2741,450,0,3625,8188,45
1784969051.6190405,ok,24133,314,2047,24612,3192,2741,451,0,3625,8188,45
1784969052.6639888,ok,24150,314,2047,24612,3192,2741,451,0,3625,8188,45
1784969053.7170327,ok,24145,315,2047,24612,3191,2741,450,0,3625,8188,37
1784969054.760964,ok,24152,316,2047,24612,3191,2741,450,0,3621,8188,36
1784969055.8036473,ok,24126,316,2047,24612,3191,2741,450,0,3615,8188,40
1784969056.851476,ok,24159,316,2047,24612,3191,2741,450,0,3615,8188,38
1784969057.8970742,ok,24172,316,2047,24612,3191,2741,450,0,3611,8188,40
1784969058.9471798,ok,24173,316,2047,24612,3191,2741,450,0,3615,8188,38
1784969059.9901693,ok,24186,316,2047,24612,3191,2741,450,0,3611,8188,39
1784969061.0576894,ok,24186,316,2047,24612,3191,2741,450,0,3611,8188,34
1784969062.120081,ok,24181,316,2047,24612,3191,2741,450,0,3611,8188,38
1784969063.1670222,ok,24180,316,2047,24612,3191,2741,450,0,3611,8188,40
1784969064.2211623,ok,24163,316,2047,24612,3191,2741,450,0,3609,8188,37
1784969065.2747116,ok,24136,317,2047,24612,3191,2741,450,0,3617,8188,39
1784969066.3210783,ok,24114,317,2047,24612,3191,2741,450,0,3617,8188,39
1784969067.3668532,ok,24057,317,2047,24612,3198,2748,450,0,3617,8188,40
1784969068.4136345,ok,24072,317,2047,24612,3204,2753,450,0,3617,8188,38
1784969069.4601817,ok,24065,317,2047,24612,3204,2753,450,0,3617,8188,41
1784969070.5064933,ok,24060,317,2047,24612,3204,2753,450,0,3613,8188,36
1784969071.560668,ok,24063,317,2047,24612,3204,2753,450,0,3615,8188,52
1784969072.6038222,ok,24022,317,2047,24612,3215,2763,451,0,3796,8188,15
1784969073.6480596,ok,24031,317,2047,24612,3215,2763,451,0,3910,8188,25
1784969074.6975129,ok,24029,318,2047,24612,3215,2763,451,0,3910,8188,26
1784969075.7522511,ok,24008,318,2047,24612,3224,2771,452,0,4108,8188,26
1784969076.7953644,ok,24009,318,2047,24612,3224,2771,452,0,4277,8188,28
1784969077.839207,ok,23991,318,2047,24612,3223,2771,451,0,3956,8188,28
1784969078.8943086,ok,23997,318,2047,24612,3231,2778,452,0,4247,8188,29
1784969079.9384282,ok,24000,318,2047,24612,3239,2786,453,0,4472,8188,49
1784969080.9876099,ok,24006,318,2047,24612,3240,2786,453,0,3952,8188,22
1784969082.0437076,ok,23996,318,2047,24612,3241,2786,454,0,4126,8188,31
1784969083.1035986,ok,24058,318,2047,24612,3240,2786,453,0,4431,8188,32
1784969084.1444933,ok,24050,318,2047,24612,3240,2786,453,0,3939,8188,31
1784969085.1866097,ok,24060,318,2047,24612,3247,2793,453,0,3965,8188,25
1784969086.237661,ok,24071,318,2047,24612,3247,2793,453,0,4464,8188,24
1784969087.2880628,ok,24075,318,2047,24612,3246,2793,452,0,3944,8188,30
1784969088.3317592,ok,24074,318,2047,24612,3247,2793,453,0,3990,8188,32
1784969089.3838007,ok,24075,318,2047,24612,3246,2793,452,0,3951,8188,34
1784969090.4301054,ok,24071,318,2047,24612,3247,2793,453,0,3975,8188,37
1784969091.471261,ok,24077,318,2047,24612,3248,2793,454,0,4412,8188,38
1784969092.517605,ok,24080,318,2047,24612,3247,2793,453,0,3967,8188,23
1784969093.5635538,ok,24085,318,2047,24612,3247,2793,453,0,4148,8188,31
1784969094.6137733,ok,24061,318,2047,24612,3247,2793,453,0,3973,8188,30
1784969095.6571453,ok,24106,318,2047,24612,3191,2737,453,0,4139,8188,20
1784969096.7006319,ok,24092,318,2047,24612,3190,2737,452,0,3965,8188,21
1784969097.7512648,ok,24122,318,2047,24612,3196,2742,453,0,4129,8188,31
1784969098.8046777,ok,24122,318,2047,24612,3195,2742,452,0,3949,8188,57
1784969099.8520992,ok,24113,318,2047,24612,3197,2743,453,0,3965,8188,25
1784969100.898758,ok,24093,318,2047,24612,3196,2743,452,0,4079,8188,29
1784969101.961661,ok,24102,318,2047,24612,3197,2743,453,0,3981,8188,32
1784969103.0176423,ok,24111,318,2047,24612,3197,2743,453,0,4296,8188,31
1784969104.0588334,ok,24121,318,2047,24612,3197,2743,453,0,3987,8188,35
1784969105.1199718,ok,24115,318,2047,24612,3196,2743,452,0,4283,8188,20
1784969106.1656117,ok,24117,318,2047,24612,3197,2743,453,0,3979,8188,25
1784969107.2077782,ok,24110,318,2047,24612,3197,2743,453,0,4475,8188,50
1784969108.2502592,ok,24104,318,2047,24612,3197,2743,453,0,3963,8188,27
1784969109.2949483,ok,24120,318,2047,24612,3197,2743,453,0,4467,8188,24
1784969110.3377526,ok,24105,318,2047,24612,3197,2743,453,0,3963,8188,18
1784969111.3835406,ok,24102,318,2047,24612,3197,2743,453,0,4458,8188,33
1784969112.4397829,ok,24123,318,2047,24612,3197,2743,453,0,3978,8188,36
1784969113.4842196,ok,24092,318,2047,24612,3197,2743,453,0,4000,8188,30
1784969114.530243,ok,24117,318,2047,24612,3198,2743,454,0,4301,8188,30
1784969115.578562,ok,24116,318,2047,24612,3197,2743,453,0,3987,8188,35
1784969116.627232,ok,24115,318,2047,24612,3197,2743,453,0,4516,8188,36
1784969117.6718707,ok,24108,318,2047,24612,3197,2743,453,0,3987,8188,35
1784969118.7221115,ok,24119,318,2047,24612,3197,2743,453,0,4400,8188,34
1784969119.7703927,ok,24126,318,2047,24612,3197,2744,453,0,3971,8188,29
1784969120.8214653,ok,24135,318,2047,24612,3198,2744,453,0,4017,8188,32
1784969121.8709147,ok,24124,318,2047,24612,3198,2744,453,0,3987,8188,34
1784969122.9154918,ok,24109,318,2047,24612,3197,2744,452,0,4005,8188,32
1784969123.9553397,ok,24108,318,2047,24612,3198,2744,453,0,4508,8188,34
1784969125.0014625,ok,24117,318,2047,24612,3197,2744,452,0,3979,8188,18
1784969126.0494304,ok,24118,318,2047,24612,3198,2744,453,0,4472,8188,18
1784969127.1078577,ok,24106,318,2047,24612,3198,2744,453,0,3987,8188,31
1784969128.1615229,ok,24110,318,2047,24612,3197,2744,452,0,4251,8188,32
1784969129.2122838,ok,24107,318,2047,24612,3197,2744,452,0,3995,8188,38
1784969130.2574363,ok,24110,318,2047,24612,3196,2744,451,0,4013,8188,33
1784969131.3123164,ok,24108,318,2047,24612,3198,2744,453,0,4515,8188,36
1784969132.358394,ok,24100,318,2047,24612,3195,2744,450,0,3966,8188,54
1784969133.4073653,ok,24085,318,2047,24612,3195,2744,450,0,3993,8188,11
1784969134.4562728,ok,24106,318,2047,24612,3195,2744,450,0,4489,8188,13
1784969135.4993458,ok,24115,318,2047,24612,3195,2744,450,0,3991,8188,20
1784969136.5433521,ok,24124,318,2047,24612,3195,2744,450,0,4303,8188,42
1784969137.5864222,ok,24121,318,2047,24612,3195,2744,450,0,4015,8188,29
1784969138.632141,ok,24124,318,2047,24612,3195,2744,450,0,4533,8188,33
1784969139.6748414,ok,24128,318,2047,24612,3195,2744,450,0,4029,8188,20
1784969140.7192278,ok,24128,318,2047,24612,3195,2744,450,0,4513,8188,29
1784969141.77318,ok,24142,318,2047,24612,3195,2744,450,0,4007,8188,32
1784969142.8221304,ok,24138,318,2047,24612,3195,2745,450,0,4287,8188,50
1784969143.879483,ok,24135,318,2047,24612,3195,2745,450,0,4281,8188,23
1784969144.9269679,ok,24128,318,2047,24612,3195,2745,450,0,4031,8188,25
1784969145.9725246,ok,24133,318,2047,24612,3195,2745,450,0,4355,8188,33
1784969147.0172043,ok,24137,318,2047,24612,3195,2745,450,0,4021,8188,45
1784969148.0614808,ok,24148,318,2047,24612,3195,2745,450,0,4518,8188,19
1784969149.1269486,ok,24143,318,2047,24612,3195,2745,450,0,4013,8188,30
1784969150.1703243,ok,24146,318,2047,24612,3195,2745,450,0,4493,8188,30
1784969151.2238438,ok,24144,318,2047,24612,3195,2745,450,0,4013,8188,30
1784969152.2666059,ok,24126,318,2047,24612,3195,2745,450,0,4051,8188,23
1784969153.3338952,ok,24124,318,2047,24612,3195,2745,450,0,4359,8188,22
1784969154.3752515,ok,24100,318,2047,24612,3195,2745,450,0,4013,8188,30
1784969155.4206157,ok,24099,319,2047,24612,3195,2745,450,0,4534,8188,32
1784969156.4666297,ok,24114,319,2047,24612,3191,2740,450,0,4005,8188,24
1784969157.5309706,ok,24111,319,2047,24612,3195,2745,450,0,4295,8188,23
1784969158.5779314,ok,24134,319,2047,24612,3195,2745,450,0,4005,8188,32
1784969159.6316953,ok,24108,319,2047,24612,3195,2745,450,0,3990,8188,36
1784969160.6849248,ok,24109,319,2047,24612,3195,2745,450,0,3977,8188,23
1784969161.7304547,ok,24130,319,2047,24612,3195,2745,450,0,4502,8188,23
1784969162.7742314,ok,24118,319,2047,24612,3195,2745,450,0,3984,8188,29
1784969163.8274302,ok,24115,319,2047,24612,3195,2745,450,0,4412,8188,50
1784969164.8717687,ok,24120,319,2047,24612,3195,2745,450,0,3984,8188,20
1784969165.9140613,ok,24104,319,2047,24612,3195,2745,450,0,4501,8188,41
1784969166.960205,ok,24132,319,2047,24612,3195,2745,450,0,4017,8188,33
1784969168.0022295,ok,24142,319,2047,24612,3195,2745,450,0,4321,8188,61
1784969169.0432348,ok,24126,319,2047,24612,3195,2745,450,0,4017,8188,22
1784969170.0849972,ok,24101,319,2047,24612,3195,2745,450,0,4197,8188,29
1784969171.1419303,ok,24118,319,2047,24612,3195,2745,450,0,4031,8188,33
1784969172.1878529,ok,24146,319,2047,24612,3195,2745,450,0,4047,8188,31
1784969173.2332664,ok,24107,319,2047,24612,3195,2745,450,0,4558,8188,35
1784969174.2763848,ok,24084,319,2047,24612,3195,2745,450,0,4037,8188,20
1784969175.3203175,ok,24132,319,2047,24612,3195,2745,450,0,4514,8188,31
1784969176.3651564,ok,24133,319,2047,24612,3195,2745,450,0,4013,8188,31
1784969177.4115503,ok,24133,319,2047,24612,3195,2745,450,0,4255,8188,18
1784969178.4546592,ok,24145,319,2047,24612,3195,2745,450,0,3989,8188,19
1784969179.5144155,ok,24136,319,2047,24612,3195,2745,450,0,4003,8188,30
1784969180.5616124,ok,24145,319,2047,24612,3195,2745,450,0,4314,8188,34
1784969181.6057577,ok,24146,319,2047,24612,3195,2745,450,0,3997,8188,20
1784969182.6515005,ok,24143,319,2047,24612,3195,2745,450,0,4518,8188,21
1784969183.6965127,ok,24134,319,2047,24612,3195,2745,450,0,4005,8188,29
1784969184.7448993,ok,24142,319,2047,24612,3195,2745,450,0,4303,8188,30
1784969185.7920573,ok,24147,320,2047,24612,3195,2745,450,0,4013,8188,18
1784969186.8367367,ok,24135,320,2047,24612,3195,2745,450,0,4039,8188,16
1784969187.8830836,ok,24137,320,2047,24612,3195,2745,450,0,4547,8188,26
1784969188.933509,ok,24117,320,2047,24612,3195,2745,450,0,4013,8188,33
1784969189.98395,ok,24122,320,2047,24612,3195,2745,450,0,4494,8188,37
1784969191.0270011,ok,24115,320,2047,24612,3195,2745,450,0,4005,8188,21
1784969192.0715668,ok,24124,320,2047,24612,3195,2745,450,0,4043,8188,32
1784969193.1179376,ok,24097,320,2047,24612,3195,2745,450,0,3990,8188,40
1784969194.160213,ok,24124,320,2047,24612,3215,2748,466,0,3921,8188,37
1784969195.2076337,ok,24161,320,2047,24612,3183,2748,434,0,3915,8188,44
1784969196.2545874,ok,24137,320,2047,24612,3187,2748,438,0,3915,8188,38
1784969197.3025544,ok,24120,320,2047,24612,3187,2748,438,0,4202,8188,13
1784969198.3519778,ok,24137,320,2047,24612,3187,2748,438,0,4463,8188,15
1784969199.404705,ok,24136,320,2047,24612,3187,2748,438,0,4500,8188,20
1784969200.4571233,ok,24130,320,2047,24612,3187,2748,438,0,4248,8188,20
1784969201.5091324,ok,24125,320,2047,24612,3187,2748,438,0,4023,8188,30
1784969202.5550327,ok,24147,320,2047,24612,3187,2748,438,0,4016,8188,30
1784969203.5982943,ok,24122,320,2047,24612,3187,2748,438,0,4028,8188,27
1784969204.6498082,ok,24141,320,2047,24612,3187,2748,438,0,4180,8188,35
1784969205.6931527,ok,24141,320,2047,24612,3189,2748,440,0,4272,8188,33
1784969206.7398188,ok,24170,320,2047,24612,3189,2748,440,0,4187,8188,31
1784969207.792863,ok,24169,320,2047,24612,3189,2748,440,0,4505,8188,29
1784969208.852588,ok,24154,320,2047,24612,3189,2748,440,0,4330,8188,32
1784969209.9014273,ok,24130,320,2047,24612,3189,2748,440,0,4326,8188,32
1784969210.9500906,ok,24132,320,2047,24612,3189,2748,440,0,3989,8188,31
1784969211.9998567,ok,24151,320,2047,24612,3189,2748,440,0,4172,8188,20
1784969213.0569363,ok,24159,320,2047,24612,3189,2748,440,0,4264,8188,16
1784969214.099953,ok,24142,320,2047,24612,3189,2748,440,0,4486,8188,24
1784969215.144376,ok,24153,320,2047,24612,3189,2748,440,0,4506,8188,27
1784969216.193128,ok,24152,320,2047,24612,3189,2748,440,0,4534,8188,33
1784969217.2556102,ok,24146,320,2047,24612,3189,2748,440,0,4527,8188,33
1784969218.305166,ok,24145,320,2047,24612,3189,2748,440,0,4534,8188,18
1784969219.3532581,ok,24167,320,2047,24612,3189,2748,440,0,4541,8188,18
1784969220.4048777,ok,24165,320,2047,24612,3189,2748,440,0,4525,8188,25
1784969221.4815192,ok,24164,320,2047,24612,3189,2748,440,0,4325,8188,28
1784969222.5359945,ok,24163,320,2047,24612,3189,2748,440,0,4022,8188,15
1784969223.581139,ok,24141,320,2047,24612,3189,2748,440,0,4031,8188,16
1784969224.6367872,ok,24159,320,2047,24612,3189,2748,440,0,4040,8188,26
1784969225.687621,ok,24120,320,2047,24612,3189,2748,440,0,4547,8188,37
1784969226.7361147,ok,24145,320,2047,24612,3189,2748,440,0,4026,8188,17
1784969227.785447,ok,24146,320,2047,24612,3189,2748,440,0,4454,8188,18
1784969228.8279753,ok,24136,320,2047,24612,3189,2748,440,0,4015,8188,24
1784969229.878798,ok,24147,320,2047,24612,3189,2748,440,0,4195,8188,50
1784969230.9206512,ok,24148,320,2047,24612,3189,2748,440,0,4029,8188,15
1784969231.9716442,ok,24148,320,2047,24612,3189,2748,440,0,4039,8188,15
1784969233.0178986,ok,24138,320,2047,24612,3189,2748,440,0,4542,8188,25
1784969234.059533,ok,24161,320,2047,24612,3189,2748,440,0,4021,8188,48
1784969235.1010594,ok,24162,320,2047,24612,3189,2748,440,0,4514,8188,15
1784969236.144899,ok,24165,320,2047,24612,3189,2748,440,0,4021,8188,31
1784969237.1973011,ok,24162,320,2047,24612,3189,2748,440,0,4195,8188,31
1784969238.2535567,ok,24165,320,2047,24612,3189,2748,440,0,4029,8188,27
1784969239.2987022,ok,24163,320,2047,24612,3189,2748,440,0,4311,8188,33
1784969240.3439403,ok,24157,320,2047,24612,3189,2748,440,0,4023,8188,32
1784969241.4034452,ok,24143,320,2047,24612,3189,2748,440,0,4311,8188,37
1784969242.454585,ok,24150,320,2047,24612,3189,2748,440,0,3999,8188,33
1784969243.5037494,ok,24161,320,2047,24612,3189,2748,440,0,4195,8188,32
1784969244.554237,ok,24165,320,2047,24612,3189,2748,440,0,4346,8188,33
1784969245.6012824,ok,24167,320,2047,24612,3189,2748,440,0,4029,8188,32
1784969246.6566808,ok,24140,320,2047,24612,3189,2748,440,0,4530,8188,32
1784969247.7107134,ok,24162,320,2047,24612,3189,2748,440,0,4029,8188,31
1784969248.7581751,ok,24149,320,2047,24612,3189,2748,440,0,4296,8188,31
1784969249.8118317,ok,24150,320,2047,24612,3189,2748,440,0,4029,8188,30
1784969250.8589115,ok,24132,320,2047,24612,3189,2748,440,0,4047,8188,43
1784969251.908083,ok,24131,320,2047,24612,3189,2748,440,0,4539,8188,32
1784969252.962073,ok,24123,320,2047,24612,3189,2748,440,0,4029,8188,36
1784969254.0076094,ok,24129,320,2047,24612,3189,2748,440,0,4522,8188,31
1784969255.0580146,ok,24103,320,2047,24612,3189,2748,440,0,4029,8188,29
1784969256.1098976,ok,24136,320,2047,24612,3189,2748,440,0,4287,8188,35
1784969257.157152,ok,24139,320,2047,24612,3189,2748,440,0,3998,8188,25
1784969258.2023253,ok,24118,320,2047,24612,3189,2748,440,0,4036,8188,10
1784969259.2515333,ok,24129,320,2047,24612,3189,2748,440,0,4289,8188,17
1784969260.30285,ok,24123,320,2047,24612,3189,2748,440,0,4481,8188,21
1784969261.363361,ok,24144,320,2047,24612,3189,2748,440,0,4505,8188,51
1784969262.4135785,ok,24149,320,2047,24612,3189,2748,440,0,4021,8188,38
1784969263.4627528,ok,24156,320,2047,24612,3189,2748,440,0,4531,8188,37
1784969264.5129027,ok,24152,320,2047,24612,3189,2748,440,0,4010,8188,15
1784969265.5713186,ok,24168,320,2047,24612,3189,2748,440,0,4524,8188,14
1784969266.6334882,ok,24169,320,2047,24612,3189,2748,440,0,4352,8188,37
1784969267.679191,ok,24166,320,2047,24612,3189,2748,440,0,4023,8188,15
1784969268.731433,ok,24167,320,2047,24612,3189,2748,440,0,4044,8188,14
1784969269.7833004,ok,24172,320,2047,24612,3189,2748,440,0,4040,8188,19
1784969270.8309672,ok,24164,320,2047,24612,3189,2748,440,0,4296,8188,22
1784969271.8811376,ok,24167,320,2047,24612,3189,2748,440,0,4506,8188,31
1784969272.9329712,ok,24158,320,2047,24612,3189,2748,440,0,4005,8188,43
1784969273.9848926,ok,24147,320,2047,24612,3189,2748,440,0,3996,8188,38
1784969275.0356252,ok,24157,320,2047,24612,3189,2748,440,0,4292,8188,40
1784969276.0770338,ok,24142,320,2047,24612,3189,2748,440,0,4502,8188,37
1784969277.122294,ok,24151,320,2047,24612,3189,2748,440,0,4001,8188,15
1784969278.1804776,ok,24143,320,2047,24612,3189,2748,440,0,4189,8188,17
1784969279.2386003,ok,24126,320,2047,24612,3189,2748,440,0,4348,8188,27
1784969280.2899375,ok,24168,320,2047,24612,3184,2743,440,0,4024,8188,30
1784969281.3403075,ok,24156,320,2047,24612,3189,2748,440,0,4534,8188,41
1784969282.3895118,ok,24159,320,2047,24612,3189,2748,440,0,4005,8188,38
1784969283.431704,ok,24153,320,2047,24612,3189,2748,440,0,4502,8188,20
1784969284.4812224,ok,24159,320,2047,24612,3190,2749,440,0,4021,8188,15
1784969285.5388696,ok,24151,320,2047,24612,3190,2749,440,0,4279,8188,31
1784969286.5823467,ok,24161,320,2047,24612,3190,2749,440,0,4021,8188,25
1784969287.6324327,ok,24165,320,2047,24612,3190,2749,440,0,4043,8188,47
1784969288.6849978,ok,24136,320,2047,24612,3190,2749,440,0,4354,8188,40
1784969289.7334368,ok,24143,320,2047,24612,3190,2749,440,0,4045,8188,45
1784969290.777863,ok,24142,320,2047,24612,3190,2749,440,0,4542,8188,34
1784969291.820859,ok,24133,320,2047,24612,3190,2749,440,0,4029,8188,14
1784969292.8720045,ok,24120,320,2047,24612,3190,2749,440,0,4467,8188,15
1784969293.9159038,ok,24135,320,2047,24612,3190,2749,440,0,4029,8188,24
1784969294.9712968,ok,24166,320,2047,24612,3190,2749,440,0,4075,8188,29
1784969296.0248759,ok,24123,320,2047,24612,3190,2749,440,0,4045,8188,35
1784969297.0715027,ok,24116,320,2047,24612,3190,2749,440,0,4067,8188,37
1784969298.11781,ok,24150,320,2047,24612,3190,2749,440,0,4023,8188,37
1784969299.1629968,ok,24152,320,2047,24612,3190,2749,440,0,4047,8188,46
1784969300.2132475,ok,24143,320,2047,24612,3190,2749,440,0,4550,8188,24
1784969301.2680013,ok,24153,320,2047,24612,3190,2749,440,0,4045,8188,19
1784969302.3280323,ok,24152,320,2047,24612,3190,2749,440,0,4517,8188,37
1784969303.389109,ok,24150,320,2047,24612,3190,2749,440,0,4029,8188,36
1784969304.4437363,ok,24163,320,2047,24612,3190,2749,440,0,4195,8188,36
1784969305.5089614,ok,24162,320,2047,24612,3190,2749,440,0,4355,8188,35
1784969306.554325,ok,24165,320,2047,24612,3190,2749,440,0,4045,8188,14
1784969307.601206,ok,24157,320,2047,24612,3190,2749,440,0,4566,8188,27
1784969308.646496,ok,24138,320,2047,24612,3190,2749,440,0,4037,8188,41
1784969309.700454,ok,24122,320,2047,24612,3190,2749,440,0,4510,8188,37
1784969310.7528577,ok,24153,320,2047,24612,3190,2749,440,0,4021,8188,36
1784969311.7998743,ok,24153,320,2047,24612,3190,2749,440,0,4203,8188,38
1784969312.851455,ok,24127,320,2047,24612,3190,2749,440,0,4037,8188,35
1784969313.901589,ok,24108,320,2047,24612,3190,2749,440,0,4039,8188,14
1784969314.9479308,ok,24114,320,2047,24612,3190,2749,440,0,4566,8188,14
1784969315.996401,ok,24134,320,2047,24612,3190,2749,440,0,4029,8188,24
1784969317.0462677,ok,24148,320,2047,24612,3190,2749,440,0,4549,8188,43
1784969318.09627,ok,24156,320,2047,24612,3190,2749,440,0,4013,8188,31
1784969319.1437817,ok,24145,320,2047,24612,3191,2749,441,0,3962,8188,34
1784969320.203885,ok,24176,320,2047,24612,3159,2749,409,0,3923,8188,32
1784969321.2597182,ok,24175,320,2047,24612,3159,2749,409,0,3923,8188,39
1784969322.3002913,ok,24159,320,2047,24612,3159,2749,409,0,4219,8188,15
1784969323.3438163,ok,24158,320,2047,24612,3159,2749,409,0,4462,8188,15
1784969324.4039788,ok,24174,320,2047,24612,3159,2749,409,0,4487,8188,43
1784969325.450467,ok,24181,320,2047,24612,3159,2749,409,0,4504,8188,28
1784969326.5132406,ok,24184,320,2047,24612,3159,2749,409,0,4550,8188,31
1784969327.5601997,ok,24160,320,2047,24612,3159,2749,409,0,4351,8188,43
1784969328.6056082,ok,24184,320,2047,24612,3159,2749,409,0,4037,8188,18
1784969329.6563852,ok,24179,320,2047,24612,3159,2749,409,0,4055,8188,24
1784969330.7172587,ok,24189,320,2047,24612,3159,2749,409,0,4327,8188,28
1784969331.7637947,ok,24162,320,2047,24612,3159,2749,409,0,4467,8188,17
1784969332.8071365,ok,24169,320,2047,24612,3159,2749,409,0,4521,8188,12
1784969333.8538992,ok,24186,320,2047,24612,3159,2749,409,0,4534,8188,24
1784969334.8995905,ok,24176,320,2047,24612,3159,2749,409,0,4326,8188,31
1784969335.9476802,ok,24183,320,2047,24612,3159,2750,409,0,4343,8188,16
1784969336.9941616,ok,24186,320,2047,24612,3159,2750,409,0,4021,8188,15
1784969338.0379903,ok,24189,320,2047,24612,3159,2750,409,0,4047,8188,22
1784969339.0987794,ok,24168,320,2047,24612,3160,2750,409,0,4118,8188,27
1784969340.141481,ok,24195,320,2047,24612,3160,2750,409,0,4050,8188,17
1784969341.1872392,ok,24189,320,2047,24612,3160,2750,409,0,4350,8188,16
1784969342.229593,ok,24193,320,2047,24612,3160,2750,409,0,4025,8188,18
1784969343.2715993,ok,24175,320,2047,24612,3160,2750,409,0,4515,8188,18
1784969344.3171835,ok,24192,320,2047,24612,3160,2750,409,0,4023,8188,26
1784969345.3612688,ok,24181,320,2047,24612,3160,2750,409,0,4452,8188,32
1784969346.4086993,ok,24164,320,2047,24612,3160,2750,409,0,4021,8188,54
1784969347.455836,ok,24168,320,2047,24612,3160,2750,409,0,4187,8188,17
1784969348.5010211,ok,24164,320,2047,24612,3160,2750,409,0,4021,8188,15
1784969349.5549192,ok,24169,320,2047,24612,3160,2750,409,0,4038,8188,25
1784969350.5993614,ok,24175,320,2047,24612,3160,2750,409,0,4541,8188,40
1784969351.6425135,ok,24152,320,2047,24612,3160,2750,409,0,4020,8188,36
1784969352.7010021,ok,24134,320,2047,24612,3160,2750,409,0,4312,8188,36
1784969353.759466,ok,24142,320,2047,24612,3160,2750,409,0,4029,8188,34
1784969354.8196485,ok,24178,320,2047,24612,3160,2750,409,0,4055,8188,43
1784969355.8665087,ok,24164,320,2047,24612,3160,2750,409,0,4579,8188,33
1784969356.9154363,ok,24157,320,2047,24612,3160,2750,409,0,4045,8188,44
1784969357.960784,ok,24162,320,2047,24612,3160,2750,409,0,4023,8188,32
1784969359.017631,ok,24164,320,2047,24612,3160,2750,409,0,4303,8188,31
1784969360.0841064,ok,24141,320,2047,24612,3160,2750,409,0,4341,8188,35
1784969361.1447167,ok,24149,320,2047,24612,3160,2750,409,0,4037,8188,33
1784969362.1971014,ok,24183,320,2047,24612,3160,2750,409,0,4533,8188,31
1784969363.2508433,ok,24198,320,2047,24612,3160,2750,409,0,4023,8188,34
1784969364.2954872,ok,24202,320,2047,24612,3160,2750,409,0,4510,8188,33
1784969365.3429694,ok,24202,320,2047,24612,3160,2750,409,0,4029,8188,33
1784969366.3968372,ok,24182,320,2047,24612,3160,2750,409,0,4311,8188,30
1784969367.453079,ok,24181,320,2047,24612,3160,2750,409,0,4029,8188,34
1784969368.500605,ok,24186,320,2047,24612,3160,2750,409,0,4287,8188,34
1784969369.5529761,ok,24185,320,2047,24612,3160,2750,409,0,4015,8188,34
1784969370.605499,ok,24172,320,2047,24612,3160,2750,409,0,4195,8188,37
1784969371.662935,ok,24171,320,2047,24612,3160,2750,409,0,4350,8188,34
1784969372.7218726,ok,24197,320,2047,24612,3160,2750,409,0,4045,8188,30
1784969373.77773,ok,24192,320,2047,24612,3160,2750,409,0,4566,8188,55
1784969374.825703,ok,24194,320,2047,24612,3160,2750,409,0,4045,8188,33
1784969375.874676,ok,24195,320,2047,24612,3160,2750,409,0,4518,8188,19
1784969376.9287255,ok,24196,320,2047,24612,3160,2750,409,0,4037,8188,15
1784969377.9809253,ok,24194,320,2047,24612,3160,2750,409,0,4475,8188,37
1784969379.0365357,ok,24190,320,2047,24612,3160,2750,409,0,4045,8188,35
1784969380.0883477,ok,24197,320,2047,24612,3160,2750,409,0,4051,8188,33
1784969381.1334407,ok,24197,320,2047,24612,3160,2750,409,0,4566,8188,35
1784969382.1778555,ok,24188,320,2047,24612,3160,2751,409,0,4015,8188,27
1784969383.2320855,ok,24185,320,2047,24612,3161,2751,409,0,4046,8188,12
1784969384.2752814,ok,24189,320,2047,24612,3161,2751,409,0,4393,8188,14
1784969385.318062,ok,24182,320,2047,24612,3161,2751,409,0,4023,8188,25
1784969386.360729,ok,24186,320,2047,24612,3161,2751,409,0,4521,8188,29
1784969387.4087424,ok,24188,320,2047,24612,3161,2751,409,0,4031,8188,31
1784969388.4585648,ok,24184,320,2047,24612,3161,2751,409,0,4510,8188,32
1784969389.5061903,ok,24191,320,2047,24612,3161,2751,409,0,4029,8188,16
1784969390.5626953,ok,24170,320,2047,24612,3161,2751,409,0,4203,8188,16
1784969391.6084902,ok,24173,320,2047,24612,3161,2751,409,0,4367,8188,53
1784969392.658171,ok,24181,320,2047,24612,3161,2751,409,0,4053,8188,27
1784969393.7125828,ok,24177,320,2047,24612,3161,2751,409,0,4566,8188,20
1784969394.7593622,ok,24179,320,2047,24612,3161,2751,409,0,4045,8188,26
1784969395.8045716,ok,24179,320,2047,24612,3161,2751,409,0,4336,8188,31
1784969396.8587832,ok,24174,320,2047,24612,3161,2751,409,0,4037,8188,31
1784969397.9033937,ok,24159,320,2047,24612,3161,2751,409,0,4059,8188,20
1784969398.9445367,ok,24156,320,2047,24612,3161,2751,409,0,4359,8188,20
1784969399.991114,ok,24181,320,2047,24612,3161,2751,409,0,4037,8188,27
1784969401.0406506,ok,24173,320,2047,24612,3161,2751,409,0,4546,8188,31
1784969402.084195,ok,24182,320,2047,24612,3161,2751,409,0,4045,8188,20
1784969403.1369474,ok,24160,320,2047,24612,3156,2747,409,0,4228,8188,28
1784969404.1872644,ok,24160,320,2047,24612,3161,2751,409,0,4383,8188,31
1784969405.2316046,ok,24169,320,2047,24612,3161,2751,409,0,4061,8188,21
1784969406.2844582,ok,24148,320,2047,24612,3161,2751,409,0,4567,8188,21
1784969407.3281062,ok,24136,320,2047,24612,3161,2751,409,0,4045,8188,30
1784969408.3809597,ok,24144,320,2047,24612,3161,2751,409,0,4320,8188,31
1784969409.4376976,ok,24132,320,2047,24612,3161,2751,409,0,4053,8188,20
1784969410.4830418,ok,24163,320,2047,24612,3161,2751,409,0,4055,8188,20
1784969411.5272894,ok,24185,320,2047,24612,3161,2751,409,0,4579,8188,29
1784969412.580086,ok,24190,320,2047,24612,3161,2751,409,0,4037,8188,31
1784969413.6399264,ok,24181,320,2047,24612,3161,2751,409,0,4328,8188,22
1784969414.6894927,ok,24189,320,2047,24612,3161,2751,409,0,4037,8188,30
1784969415.740659,ok,24189,320,2047,24612,3161,2751,409,0,4311,8188,32
1784969416.7837687,ok,24189,320,2047,24612,3161,2751,409,0,4045,8188,59
1784969417.834874,ok,24174,320,2047,24612,3161,2751,409,0,4059,8188,26
1784969418.877767,ok,24177,320,2047,24612,3161,2751,409,0,4358,8188,27
1784969419.9219716,ok,24190,320,2047,24612,3161,2751,409,0,4029,8188,32
1784969420.971312,ok,24189,320,2047,24612,3161,2751,409,0,4557,8188,51
1784969422.019399,ok,24190,320,2047,24612,3161,2751,409,0,4044,8188,23
1784969423.0629852,ok,24192,320,2047,24612,3161,2751,409,0,4343,8188,26
1784969424.107207,ok,24190,320,2047,24612,3161,2751,409,0,4044,8188,32
1784969425.1541018,ok,24190,320,2047,24612,3161,2751,409,0,4055,8188,34
1784969426.198129,ok,24189,320,2047,24612,3161,2751,409,0,4571,8188,36
1784969427.2397313,ok,24190,320,2047,24612,3161,2751,409,0,4037,8188,22
1784969428.2834482,ok,24189,320,2047,24612,3161,2751,409,0,4346,8188,32
1784969429.3319583,ok,24185,320,2047,24612,3161,2751,409,0,4029,8188,63
1784969430.374643,ok,24179,320,2047,24612,3161,2751,409,0,4006,8188,21
1784969431.4234297,ok,24152,320,2047,24612,3161,2751,409,0,4006,8188,31
1784969432.4795797,ok,24163,320,2047,24612,3161,2751,409,0,4028,8188,35
1784969433.521612,ok,24160,320,2047,24612,3161,2751,409,0,4345,8188,36
1784969434.5649729,ok,24135,320,2047,24612,3161,2751,409,0,4022,8188,57
1784969435.6152246,ok,24114,320,2047,24612,3161,2751,409,0,4529,8188,19
1784969436.659049,ok,24116,320,2047,24612,3161,2751,409,0,4039,8188,31
1784969437.70295,ok,24121,320,2047,24612,3161,2751,409,0,4335,8188,32
1784969438.7509587,ok,24122,320,2047,24612,3161,2751,409,0,4045,8188,22
1784969439.800267,ok,24151,320,2047,24612,3161,2751,409,0,4055,8188,22
1784969440.8445907,ok,24150,320,2047,24612,3161,2751,409,0,4571,8188,44
1784969441.8954906,ok,24128,320,2047,24612,3161,2751,409,0,4037,8188,33
1784969442.949595,ok,24141,320,2047,24612,3161,2751,409,0,4014,8188,78
1784969444.0059183,ok,24153,320,2047,24612,3161,2751,409,0,3944,8188,41
1784969445.0545433,ok,24170,320,2047,24612,3161,2751,409,0,3939,8188,41
1784969446.11852,ok,24186,320,2047,24612,3161,2751,409,0,3939,8188,40
1784969447.1589634,ok,24164,320,2047,24612,3161,2752,409,0,4225,8188,17
1784969448.2055442,ok,24156,320,2047,24612,3161,2752,409,0,4304,8188,19
1784969449.2608302,ok,24156,320,2047,24612,3161,2752,409,0,3992,8188,26
1784969450.3028991,ok,24160,320,2047,24612,3161,2752,409,0,4019,8188,28
1784969451.345563,ok,24164,320,2047,24612,3161,2752,409,0,4498,8188,31
1784969452.3915524,ok,24159,320,2047,24612,3161,2752,409,0,4547,8188,37
1784969453.4399965,ok,24161,320,2047,24612,3161,2752,409,0,4359,8188,36
1784969454.4897113,ok,24182,320,2047,24612,3161,2752,409,0,4020,8188,33
1784969455.5337,ok,24163,320,2047,24612,3161,2752,409,0,4050,8188,28
1784969456.5804155,ok,24173,320,2047,24612,3161,2752,409,0,4501,8188,32
1784969457.6373363,ok,24149,320,2047,24612,3161,2752,409,0,4542,8188,35
1784969458.6846788,ok,24173,320,2047,24612,3161,2752,409,0,4028,8188,33
1784969459.7313342,ok,24171,320,2047,24612,3161,2752,409,0,4526,8188,31
1784969460.7872546,ok,24171,320,2047,24612,3161,2752,409,0,4034,8188,28
1784969461.831621,ok,24165,320,2047,24612,3161,2752,409,0,4314,8188,16
1784969462.8785121,ok,24156,320,2047,24612,3161,2752,409,0,4039,8188,15
1784969463.9231846,ok,24160,320,2047,24612,3156,2747,409,0,4311,8188,23
1784969464.9715981,ok,24176,320,2047,24612,3156,2747,409,0,4039,8188,38
1784969466.036986,ok,24170,320,2047,24612,3161,2752,409,0,4059,8188,38
1784969467.0858445,ok,24175,320,2047,24612,3161,2752,409,0,4354,8188,36
1784969468.129282,ok,24182,320,2047,24612,3161,2752,409,0,4045,8188,34
1784969469.1765027,ok,24167,320,2047,24612,3161,2752,409,0,4546,8188,35
1784969470.2263951,ok,24164,320,2047,24612,3161,2752,409,0,4045,8188,34
1784969471.2806077,ok,24128,320,2047,24612,3161,2752,409,0,4546,8188,33
1784969472.3402424,ok,24113,320,2047,24612,3161,2752,409,0,4045,8188,34
1784969473.3837879,ok,24106,320,2047,24612,3161,2752,409,0,4541,8188,30
1784969474.4365525,ok,24127,320,2047,24612,3164,2755,409,0,4888,8188,29
1784969475.483081,ok,24120,320,2047,24612,3161,2752,409,0,5062,8188,32
1784969476.536128,ok,24087,320,2047,24612,3193,2752,441,0,5738,8188,33
1784969477.588902,ok,24114,320,2047,24612,3193,2752,441,0,5721,8188,35
1784969478.6349442,ok,24038,321,2047,24612,3193,2752,441,0,6267,8188,33
1784969479.7024982,ok,24060,321,2047,24612,3193,2752,441,0,6268,8188,33
1784969480.7787626,ok,23004,325,2047,24612,3193,2752,441,0,6951,8188,21
1784969481.8233395,ok,22934,325,2047,24612,3193,2752,441,0,4727,8188,23
1784969482.8740315,ok,22972,325,2047,24612,3193,2752,441,0,4210,8188,20
1784969483.9185853,ok,22968,325,2047,24612,3193,2752,441,0,4481,8188,18
1784969484.9755316,ok,22978,325,2047,24612,3193,2752,441,0,4205,8188,21
1784969486.018463,ok,22985,325,2047,24612,3193,2752,441,0,4242,8188,20
1784969487.0688922,ok,23014,325,2047,24612,3161,2752,409,0,3351,8188,21
1784969488.120506,ok,23024,325,2047,24612,3161,2752,409,0,3010,8188,17
1784969489.1752472,ok,23045,325,2047,24612,3161,2752,409,0,3511,8188,47
1784969490.2214644,ok,23025,325,2047,24612,3161,2752,409,0,3009,8188,20
1784969491.2669907,ok,23046,325,2047,24612,3161,2752,409,0,3275,8188,20
1784969492.3120983,ok,23038,325,2047,24612,3161,2752,409,0,3340,8188,21
1784969493.3572133,ok,22997,327,2047,24612,3161,2752,409,0,3001,8188,22
1784969494.4005945,ok,23002,327,2047,24612,3161,2752,409,0,3536,8188,45
1784969495.443578,ok,22977,327,2047,24612,3161,2752,409,0,3017,8188,20
1784969496.5012658,ok,23024,327,2047,24612,3161,2752,409,0,3490,8188,32
1784969497.5511763,ok,23027,327,2047,24612,3161,2752,409,0,3009,8188,24
1784969498.596664,ok,23023,327,2047,24612,3161,2752,409,0,3009,8188,0
1784969499.6418748,ok,23023,327,2047,24612,3161,2752,409,0,3009,8188,0
1784969500.687424,ok,23002,327,2047,24612,3161,2752,409,0,3009,8188,0
1784969501.7360299,ok,23010,327,2047,24612,3161,2752,409,0,3009,8188,0
1784969502.7898028,ok,23035,327,2047,24612,3161,2752,409,0,3009,8188,0
1784969503.8363461,ok,23035,327,2047,24612,3161,2752,409,0,3009,8188,0
1784969504.890416,ok,23034,327,2047,24612,3161,2752,409,0,3009,8188,0
1784969505.9391177,ok,23029,327,2047,24612,3161,2752,409,0,3009,8188,0
1784969506.9893348,ok,23030,327,2047,24612,3161,2752,409,0,3009,8188,0
1784969508.0415368,ok,23003,327,2047,24612,3161,2752,409,0,3009,8188,0
1784969509.0930495,ok,22995,327,2047,24612,3161,2752,409,0,3009,8188,0
1784969510.1527345,ok,23012,327,2047,24612,3161,2752,409,0,3009,8188,0
1784969511.1971407,ok,23013,327,2047,24612,3161,2752,409,0,3009,8188,0
1784969512.242277,ok,23010,327,2047,24612,3161,2752,409,0,3009,8188,0
1784969513.2921982,ok,22999,327,2047,24612,3161,2752,409,0,3009,8188,0
1784969514.3550408,ok,22989,327,2047,24612,3161,2752,409,0,3009,8188,0
1784969515.4043977,ok,22965,327,2047,24612,3161,2752,409,0,3009,8188,0
1784969516.4601438,ok,22969,327,2047,24612,3161,2752,409,0,3009,8188,0
1784969517.5089936,ok,22951,327,2047,24612,3161,2752,409,0,3009,8188,0
1784969518.560711,ok,22953,327,2047,24612,3161,2752,409,0,3009,8188,0
1784969519.6081557,ok,22964,327,2047,24612,3161,2752,409,0,3009,8188,0
1784969520.6572337,ok,22950,327,2047,24612,3161,2752,409,0,3009,8188,0
1784969521.7033494,ok,22978,327,2047,24612,3161,2752,409,0,3009,8188,0
1784969522.755213,ok,22998,327,2047,24612,3161,2752,409,0,3009,8188,0
1784969523.8051472,ok,22945,328,2047,24612,3161,2752,409,0,3009,8188,0
1784969524.8525817,ok,22947,328,2047,24612,3161,2752,409,0,3009,8188,0
1784969525.9006624,ok,22936,328,2047,24612,3161,2752,409,0,3009,8188,0
1784969526.9470274,ok,22951,328,2047,24612,3161,2752,409,0,3009,8188,0
1784969527.994074,ok,22940,328,2047,24612,3161,2752,409,0,3009,8188,0
1784969529.039217,ok,22947,328,2047,24612,3161,2752,409,0,3009,8188,0
1784969530.0883448,ok,22966,328,2047,24612,3161,2752,409,0,3009,8188,0
1784969531.1438665,ok,22978,328,2047,24612,3161,2752,409,0,3009,8188,0
1784969532.1916988,ok,22965,329,2047,24612,3161,2752,409,0,3009,8188,0
1784969533.2448266,ok,22969,329,2047,24612,3161,2752,409,0,3009,8188,0
1784969534.2930825,ok,22993,329,2047,24612,3161,2752,409,0,3009,8188,0
1784969535.338035,ok,23006,329,2047,24612,3161,2752,409,0,3009,8188,0
1784969536.3874102,ok,22993,329,2047,24612,3161,2752,409,0,3009,8188,0
1784969537.4377134,ok,22997,329,2047,24612,3161,2752,409,0,3009,8188,0
1784969538.4922366,ok,23010,329,2047,24612,3161,2752,409,0,3009,8188,0
1784969539.5650396,ok,23006,329,2047,24612,3161,2752,409,0,3009,8188,0
1784969540.610887,ok,23001,329,2047,24612,3162,2753,409,0,3084,8188,33
1784969541.6711125,ok,23023,329,2047,24612,3162,2753,409,0,3040,8188,34
1784969542.7237048,ok,23001,329,2047,24612,3162,2753,409,0,3040,8188,39
1784969543.773773,ok,23005,329,2047,24612,3162,2753,409,0,3040,8188,33
1784969544.8176515,ok,23005,329,2047,24612,3162,2753,409,0,3040,8188,33
1784969545.8655713,ok,23027,329,2047,24612,3162,2753,409,0,3040,8188,38
1784969546.9179795,ok,23026,329,2047,24612,3162,2753,409,0,3040,8188,36
1784969547.9783802,ok,23028,329,2047,24612,3162,2753,409,0,3040,8188,37
1784969549.0258737,ok,23025,329,2047,24612,3162,2753,409,0,3040,8188,39
1784969550.0760212,ok,23035,329,2047,24612,3162,2753,409,0,3040,8188,38
1784969551.1289785,ok,23022,329,2047,24612,3162,2753,409,0,3040,8188,43
1784969552.1787617,ok,23025,329,2047,24612,3162,2753,409,0,3040,8188,38
1784969553.2209542,ok,23033,329,2047,24612,3162,2753,409,0,3040,8188,39
1784969554.2715478,ok,23006,329,2047,24612,3162,2753,409,0,3040,8188,39
1784969555.3161628,ok,22971,329,2047,24612,3162,2753,409,0,3041,8188,36
1784969556.365907,ok,22930,329,2047,24612,3162,2753,409,0,3042,8188,35
1784969557.411545,ok,22953,329,2047,24612,3162,2753,409,0,3042,8188,35
1784969558.4604435,ok,22969,329,2047,24612,3162,2753,409,0,3043,8188,37
1784969559.5119872,ok,22973,329,2047,24612,3162,2753,409,0,3044,8188,37
1784969560.5568602,ok,23097,329,2047,24612,3162,2753,409,0,3045,8188,37
1784969561.6045747,ok,23147,329,2047,24612,3162,2753,409,0,3046,8188,37
1784969562.6547081,ok,23162,329,2047,24612,3162,2753,409,0,3047,8188,38
1784969563.7027607,ok,23114,329,2047,24612,3162,2753,409,0,3047,8188,40
1784969564.7508597,ok,23155,329,2047,24612,3162,2753,409,0,3047,8188,38
1784969565.8043327,ok,23094,329,2047,24612,3162,2753,409,0,3040,8188,45
1784969566.8551514,ok,23059,329,2047,24612,3162,2753,409,0,3040,8188,38
1784969567.9028091,ok,23058,332,2047,24612,3157,2748,409,0,3040,8188,42
1784969568.948211,ok,23086,332,2047,24612,3157,2748,409,0,3040,8188,37
1784969569.9999645,ok,23132,332,2047,24612,3157,2748,409,0,3040,8188,44
1784969571.04565,ok,23134,332,2047,24612,3157,2748,409,0,3040,8188,36
1784969572.0889673,ok,23156,332,2047,24612,3157,2748,409,0,3040,8188,41
1784969573.1386335,ok,23153,332,2047,24612,3157,2748,409,0,3040,8188,38
1784969574.1828675,ok,23156,332,2047,24612,3157,2748,409,0,3040,8188,44
1784969575.2374868,ok,23142,332,2047,24612,3157,2748,409,0,3040,8188,40
1784969576.2859533,ok,23153,332,2047,24612,3157,2748,409,0,3040,8188,43
1784969577.338318,ok,23169,332,2047,24612,3157,2748,409,0,3040,8188,41
1784969578.3811438,ok,23174,332,2047,24612,3157,2748,409,0,3040,8188,43
1784969579.4280348,ok,23157,332,2047,24612,3157,2748,409,0,3040,8188,41
1784969580.4761994,ok,23157,332,2047,24612,3157,2748,409,0,3040,8188,46
1784969581.518559,ok,23159,332,2047,24612,3157,2748,409,0,3040,8188,42
1784969582.5708227,ok,23155,332,2047,24612,3157,2748,409,0,3040,8188,43
1784969583.6299918,ok,23170,332,2047,24612,3157,2748,409,0,3040,8188,41
1784969584.6760037,ok,23174,332,2047,24612,3157,2748,409,0,3040,8188,38
1784969585.7215753,ok,23177,332,2047,24612,3157,2748,409,0,3040,8188,42
1784969586.7678344,ok,23158,332,2047,24612,3157,2748,409,0,3040,8188,37
1784969587.8172889,ok,23173,332,2047,24612,3157,2748,409,0,3040,8188,44
1784969588.8705742,ok,23182,332,2047,24612,3157,2748,409,0,3040,8188,37
1784969589.930329,ok,23193,332,2047,24612,3157,2748,409,0,3040,8188,40
1784969590.980662,ok,23180,332,2047,24612,3157,2748,409,0,3040,8188,39
1784969592.0338955,ok,23171,332,2047,24612,3157,2748,409,0,3040,8188,42
1784969593.0818136,ok,23163,332,2047,24612,3157,2748,409,0,3040,8188,37
1784969594.1247008,ok,23144,332,2047,24612,3157,2748,409,0,3040,8188,42
1784969595.1712425,ok,23132,332,2047,24612,3157,2748,409,0,3040,8188,41
1784969596.2190473,ok,23149,332,2047,24612,3157,2748,409,0,3040,8188,47
1784969597.2694292,ok,23172,332,2047,24612,3157,2748,409,0,3040,8188,42
1784969598.3227744,ok,23180,332,2047,24612,3157,2748,409,0,3040,8188,43
1784969599.3683248,ok,23183,332,2047,24612,3157,2748,409,0,3040,8188,40
1784969600.4205465,ok,23165,332,2047,24612,3157,2748,409,0,3040,8188,43
1784969601.4688575,ok,23161,332,2047,24612,3157,2748,409,0,3040,8188,40
1784969602.5243304,ok,23153,332,2047,24612,3157,2748,409,0,3040,8188,43
1784969603.58239,ok,23145,332,2047,24612,3157,2748,409,0,3040,8188,40
1784969604.6258388,ok,23135,332,2047,24612,3157,2748,409,0,3040,8188,43
1784969605.685645,ok,23149,332,2047,24612,3157,2748,409,0,3040,8188,44
1784969606.7280455,ok,23153,332,2047,24612,3157,2748,409,0,3040,8188,37
1784969607.776036,ok,23167,332,2047,24612,3157,2748,409,0,3040,8188,36
1784969608.8218367,ok,23164,332,2047,24612,3157,2748,409,0,3040,8188,38
1784969609.8754344,ok,23152,332,2047,24612,3157,2748,409,0,3040,8188,46
1784969610.9208233,ok,23162,332,2047,24612,3157,2748,409,0,3040,8188,37
1784969611.9727542,ok,23166,332,2047,24612,3157,2748,409,0,3040,8188,42
1784969613.025512,ok,23152,332,2047,24612,3157,2748,409,0,3040,8188,38
1784969614.0779269,ok,23160,332,2047,24612,3157,2748,409,0,3040,8188,43
1784969615.1288867,ok,23165,332,2047,24612,3157,2748,409,0,3040,8188,37
1784969616.1794603,ok,23169,332,2047,24612,3157,2748,409,0,3040,8188,43
1784969617.2352254,ok,23153,332,2047,24612,3157,2748,409,0,3040,8188,39
1784969618.2824013,ok,23168,332,2047,24612,3157,2748,409,0,3040,8188,44
1784969619.3378918,ok,23168,332,2047,24612,3157,2748,409,0,3040,8188,40
1784969620.3917885,ok,23164,332,2047,24612,3157,2748,409,0,3040,8188,39
1784969621.4333465,ok,23166,332,2047,24612,3157,2748,409,0,3040,8188,42
1784969622.4809961,ok,23158,332,2047,24612,3157,2748,409,0,3040,8188,43
1784969623.540532,ok,23152,332,2047,24612,3157,2748,409,0,3040,8188,38
1784969624.6002173,ok,23144,332,2047,24612,3157,2748,409,0,3040,8188,44
1784969625.644659,ok,23167,332,2047,24612,3157,2748,409,0,3040,8188,46
1784969626.690395,ok,23172,332,2047,24612,3157,2748,409,0,3040,8188,37
1784969627.735512,ok,23164,332,2047,24612,3157,2748,409,0,3040,8188,40
1784969628.7873132,ok,23165,332,2047,24612,3157,2748,409,0,3040,8188,37
1784969629.8410738,ok,23164,332,2047,24612,3157,2748,409,0,3040,8188,42
1784969630.89413,ok,23165,332,2047,24612,3157,2748,409,0,3040,8188,38
1784969631.9487493,ok,23141,332,2047,24612,3157,2748,409,0,3040,8188,43
1784969633.0006516,ok,23142,332,2047,24612,3157,2748,409,0,3040,8188,38
1784969634.0438647,ok,23153,332,2047,24612,3157,2748,409,0,3040,8188,42
1784969635.0865004,ok,23151,332,2047,24612,3157,2748,409,0,3040,8188,37
1784969636.1298087,ok,23139,332,2047,24612,3157,2748,409,0,3040,8188,42
1784969637.17685,ok,23164,332,2047,24612,3157,2748,409,0,3040,8188,37
1784969638.2333214,ok,23169,332,2047,24612,3157,2748,409,0,3040,8188,43
1784969639.2780747,ok,23177,332,2047,24612,3157,2748,409,0,3040,8188,40
1784969640.3232448,ok,23173,332,2047,24612,3157,2748,409,0,3040,8188,43
1784969641.3763003,ok,23175,332,2047,24612,3157,2748,409,0,3040,8188,40
1784969642.4208727,ok,23172,332,2047,24612,3157,2748,409,0,3040,8188,43
1784969643.4721634,ok,23167,332,2047,24612,3157,2748,409,0,3040,8188,41
1784969644.5141687,ok,23136,332,2047,24612,3157,2748,409,0,3040,8188,46
1784969645.574095,ok,23145,332,2047,24612,3157,2748,409,0,3040,8188,40
1784969646.6235545,ok,23111,345,2047,24612,3157,2748,409,0,3040,8188,43
1784969647.667695,ok,23147,345,2047,24612,3157,2748,409,0,3040,8188,45
1784969648.7163289,ok,23118,345,2047,24612,3157,2748,409,0,3040,8188,38
1784969649.7668638,ok,23130,345,2047,24612,3157,2748,409,0,3040,8188,45
1784969650.8154378,ok,23132,345,2047,24612,3157,2748,409,0,3040,8188,40
1784969651.8618424,ok,23118,345,2047,24612,3157,2748,409,0,3040,8188,42
1784969652.9016623,ok,23105,345,2047,24612,3157,2748,409,0,3040,8188,37
1784969653.954615,ok,23124,345,2047,24612,3157,2748,409,0,3040,8188,38
1784969655.0007503,ok,23126,345,2047,24612,3157,2748,409,0,3040,8188,37
1784969656.0433605,ok,23148,345,2047,24612,3157,2748,409,0,3040,8188,41
1784969657.0858042,ok,23140,345,2047,24612,3157,2748,409,0,3040,8188,38
1784969658.1378667,ok,23151,345,2047,24612,3157,2748,409,0,3040,8188,43
1784969659.1800938,ok,23149,345,2047,24612,3157,2748,409,0,3040,8188,40
1784969660.2348335,ok,23130,350,2047,24612,3157,2748,409,0,3040,8188,45
1784969661.2790775,ok,23125,351,2047,24612,3157,2748,409,0,3040,8188,36
1784969662.3297007,ok,22998,368,2047,24612,3157,2748,409,0,3040,8188,61
1784969663.395437,ok,22971,368,2047,24612,3157,2748,409,0,3040,8188,49
1784969664.4728994,ok,23018,368,2047,24612,3157,2748,409,0,3040,8188,49
1784969665.5301852,ok,23016,368,2047,24612,3157,2748,409,0,3040,8188,50
1784969666.5796747,ok,22951,387,2047,24612,3157,2748,409,0,3040,8188,45
1784969667.6481664,ok,22944,387,2047,24612,3157,2748,409,0,3040,8188,55
1784969668.7148242,ok,22839,388,2047,24612,3157,2748,409,0,3040,8188,60
1784969669.7708561,ok,22907,388,2047,24612,3157,2748,409,0,3040,8188,46
1784969670.8331795,ok,22916,388,2047,24612,3157,2748,409,0,3040,8188,50
1784969671.8827944,ok,22899,391,2047,24612,3157,2748,409,0,3040,8188,54
1784969672.947596,ok,22847,392,2047,24612,3157,2748,409,0,3040,8188,58
1784969674.0001225,ok,22850,392,2047,24612,3157,2748,409,0,3040,8188,49
1784969675.0576665,ok,22887,392,2047,24612,3157,2748,409,0,3040,8188,46
1784969676.1151483,ok,22807,392,2047,24612,3157,2748,409,0,3040,8188,53
1784969677.1705027,ok,22798,392,2047,24612,3157,2748,409,0,3040,8188,45
1784969678.2274256,ok,22767,415,2047,24612,3157,2748,409,0,3040,8188,58
1784969679.2835093,ok,22872,437,2047,24612,3157,2748,409,0,3040,8188,38
1784969680.3341742,ok,22874,440,2047,24612,3157,2748,409,0,3040,8188,58
1784969681.375467,ok,22853,443,2047,24612,3157,2748,409,0,3040,8188,37
1784969682.4219184,ok,22869,446,2047,24612,3157,2748,409,0,3040,8188,42
1784969683.463366,ok,22852,446,2047,24612,3157,2748,409,0,3040,8188,41
1784969684.5080438,ok,22846,446,2047,24612,3157,2748,409,0,3040,8188,43
1784969685.5515845,ok,22852,447,2047,24612,3157,2748,409,0,3040,8188,41
1784969686.5976322,ok,22866,447,2047,24612,3157,2748,409,0,3040,8188,43
1784969687.6438382,ok,22868,447,2047,24612,3157,2748,409,0,3040,8188,40
1784969688.6895804,ok,22893,447,2047,24612,3157,2748,409,0,3040,8188,37
1784969689.7371852,ok,22879,447,2047,24612,3157,2748,409,0,3040,8188,42
1784969690.7822828,ok,22843,450,2047,24612,3157,2748,409,0,3040,8188,40
1784969691.8385713,ok,22682,453,2047,24612,3157,2748,409,0,3040,8188,42
1784969692.9174292,ok,22343,456,2047,24612,3157,2748,409,0,3040,8188,52
1784969693.9639559,ok,22401,456,2047,24612,3157,2748,409,0,3040,8188,40
1784969695.0134778,ok,22350,456,2047,24612,3157,2748,409,0,3040,8188,43
1784969696.0592914,ok,22336,456,2047,24612,3157,2748,409,0,3040,8188,37
1784969697.1035771,ok,22544,456,2047,24612,3157,2748,409,0,3040,8188,45
1784969698.150901,ok,22554,456,2047,24612,3157,2748,409,0,3040,8188,43
1784969699.1955042,ok,22568,456,2047,24612,3157,2748,409,0,3040,8188,38
1784969700.2415795,ok,22672,456,2047,24612,3157,2748,409,0,3040,8188,46
1784969701.2823136,ok,22659,456,2047,24612,3157,2748,409,0,3040,8188,37
1784969702.3353732,ok,22690,456,2047,24612,3157,2748,409,0,3040,8188,41
1784969703.380704,ok,22705,456,2047,24612,3157,2748,409,0,3040,8188,38
1784969704.4243686,ok,22735,456,2047,24612,3157,2748,409,0,3040,8188,42
1784969705.4758968,ok,22728,456,2047,24612,3157,2748,409,0,3040,8188,36
1784969706.5299754,ok,22738,456,2047,24612,3157,2748,409,0,3040,8188,42
1784969707.5825443,ok,22746,456,2047,24612,3157,2748,409,0,3040,8188,38
1784969708.6297777,ok,22747,456,2047,24612,3157,2748,409,0,3040,8188,42
1784969709.6843567,ok,22763,456,2047,24612,3157,2748,409,0,3040,8188,41
1784969710.733496,ok,22790,456,2047,24612,3157,2748,409,0,3040,8188,41
1784969711.7920756,ok,22692,456,2047,24612,3157,2748,409,0,3040,8188,39
1784969712.840354,ok,22706,457,2047,24612,3157,2748,409,0,3040,8188,48
1784969713.89656,ok,22688,457,2047,24612,3157,2748,409,0,3040,8188,38
1784969714.9398994,ok,22811,457,2047,24612,3157,2748,409,0,3040,8188,44
1784969715.9841623,ok,22779,457,2047,24612,3157,2748,409,0,3040,8188,39
1784969717.0346448,ok,22765,457,2047,24612,3157,2748,409,0,3040,8188,42
1784969718.0808666,ok,22763,457,2047,24612,3157,2748,409,0,3040,8188,39
1784969719.1318676,ok,22768,457,2047,24612,3157,2748,409,0,3040,8188,43
1784969720.1794379,ok,22762,457,2047,24612,3157,2748,409,0,3040,8188,42
1784969721.229383,ok,22777,457,2047,24612,3157,2748,409,0,3040,8188,38
1784969722.2752688,ok,22780,457,2047,24612,3157,2748,409,0,3040,8188,42
1784969723.3261409,ok,22776,457,2047,24612,3157,2748,409,0,3040,8188,37
1784969724.3701608,ok,22777,457,2047,24612,3157,2748,409,0,3040,8188,43
1784969725.4258041,ok,22791,457,2047,24612,3157,2748,409,0,3040,8188,36
1784969726.484364,ok,22795,457,2047,24612,3157,2748,409,0,3040,8188,42
1784969727.5377529,ok,22802,457,2047,24612,3157,2748,409,0,3040,8188,39
1784969728.5866666,ok,22792,457,2047,24612,3157,2748,409,0,3040,8188,42
1784969729.6412125,ok,22799,457,2047,24612,3157,2748,409,0,3040,8188,37
1784969730.694901,ok,22802,457,2047,24612,3157,2748,409,0,3040,8188,43
1784969731.7446704,ok,22805,457,2047,24612,3157,2748,409,0,3040,8188,37
1784969732.7946916,ok,22793,457,2047,24612,3157,2748,409,0,3040,8188,43
1784969733.8421018,ok,22800,457,2047,24612,3157,2748,409,0,3040,8188,37
1784969734.885866,ok,22791,457,2047,24612,3157,2748,409,0,3040,8188,43
1784969735.9332042,ok,22794,457,2047,24612,3157,2748,409,0,3040,8188,37
1784969736.9807744,ok,22788,457,2047,24612,3157,2748,409,0,3040,8188,44
1784969738.0327826,ok,22781,457,2047,24612,3157,2748,409,0,3040,8188,38
1784969739.0773098,ok,22806,457,2047,24612,3157,2748,409,0,3040,8188,43
1784969740.1208537,ok,22782,457,2047,24612,3157,2748,409,0,3040,8188,38
1784969741.1771555,ok,22788,457,2047,24612,3157,2748,409,0,3040,8188,35
1784969742.222718,ok,22792,457,2047,24612,3157,2748,409,0,3040,8188,43
1784969743.2651398,ok,22692,457,2047,24612,3157,2748,409,0,3040,8188,42
1784969744.3206713,ok,22353,457,2047,24612,3157,2748,409,0,3040,8188,38
1784969745.364677,ok,22278,457,2047,24612,3157,2748,409,0,3040,8188,55
1784969746.4103124,ok,22315,457,2047,24612,3157,2748,409,0,3040,8188,35
1784969747.4529014,ok,22396,457,2047,24612,3157,2748,409,0,3040,8188,40
1784969748.4966664,ok,22395,458,2047,24612,3157,2748,409,0,3040,8188,38
1784969749.539215,ok,22374,458,2047,24612,3157,2748,409,0,3040,8188,42
1784969750.5816422,ok,22390,458,2047,24612,3157,2748,409,0,3040,8188,38
1784969751.6319997,ok,22520,458,2047,24612,3157,2748,409,0,3040,8188,45
1784969752.6811197,ok,22531,458,2047,24612,3157,2748,409,0,3040,8188,37
1784969753.7265222,ok,22515,458,2047,24612,3157,2748,409,0,3040,8188,44
1784969754.7838542,ok,22454,458,2047,24612,3157,2748,409,0,3040,8188,38
1784969755.8383887,ok,22471,458,2047,24612,3157,2748,409,0,3040,8188,42
1784969756.887335,ok,22426,458,2047,24612,3157,2748,409,0,3040,8188,37
1784969757.9456928,ok,22465,458,2047,24612,3157,2748,409,0,3040,8188,42
1784969758.9937649,ok,22450,459,2047,24612,3157,2748,409,0,3040,8188,36
1784969760.0485697,ok,22413,459,2047,24612,3157,2748,409,0,3040,8188,42
1784969761.095959,ok,22425,459,2047,24612,3157,2748,409,0,3040,8188,40
1784969762.1475048,ok,22399,459,2047,24612,3157,2748,409,0,3040,8188,45
1784969763.1981106,ok,22435,459,2047,24612,3157,2748,409,0,3040,8188,41
1784969764.2398446,ok,22436,459,2047,24612,3157,2748,409,0,3040,8188,51
1784969765.2904744,ok,22425,459,2047,24612,3157,2748,409,0,3040,8188,40
1784969766.3410563,ok,22442,459,2047,24612,3157,2748,409,0,3040,8188,43
1784969767.3917909,ok,22453,459,2047,24612,3157,2748,409,0,3040,8188,41
1784969768.440695,ok,22447,459,2047,24612,3157,2748,409,0,3040,8188,44
1784969769.4991925,ok,22465,459,2047,24612,3157,2748,409,0,3040,8188,44
1784969770.5482178,ok,22451,459,2047,24612,3157,2748,409,0,3040,8188,44
1784969771.5963914,ok,22476,459,2047,24612,3157,2748,409,0,3040,8188,41
1784969772.6469529,ok,22472,459,2047,24612,3157,2748,409,0,3040,8188,42
1784969773.696506,ok,22478,459,2047,24612,3157,2748,409,0,3040,8188,42
1784969774.7525804,ok,22460,459,2047,24612,3157,2748,409,0,3040,8188,41
1784969775.8010674,ok,22486,459,2047,24612,3157,2748,409,0,3040,8188,43
1784969776.854156,ok,22489,459,2047,24612,3157,2748,409,0,3040,8188,35
1784969777.909216,ok,22490,459,2047,24612,3157,2748,409,0,3040,8188,47
1784969778.958269,ok,22491,459,2047,24612,3157,2748,409,0,3040,8188,37
1784969780.0158508,ok,22492,459,2047,24612,3157,2748,409,0,3040,8188,41
1784969781.0638745,ok,22482,459,2047,24612,3157,2748,409,0,3040,8188,38
1784969782.111177,ok,22478,459,2047,24612,3157,2748,409,0,3040,8188,41
1784969783.1597447,ok,22491,459,2047,24612,3157,2748,409,0,3040,8188,41
1784969784.2051623,ok,22505,459,2047,24612,3157,2748,409,0,3040,8188,41
1784969785.2593014,ok,22506,459,2047,24612,3157,2748,409,0,3040,8188,43
1784969786.3112895,ok,22542,459,2047,24612,3157,2748,409,0,3040,8188,41
1784969787.3574646,ok,22536,459,2047,24612,3157,2748,409,0,3040,8188,42
1784969788.4081507,ok,22523,459,2047,24612,3157,2748,409,0,3040,8188,43
1784969789.454985,ok,22532,459,2047,24612,3157,2748,409,0,3040,8188,42
1784969790.5038013,ok,22551,459,2047,24612,3157,2748,409,0,3040,8188,44
1784969791.554456,ok,22545,459,2047,24612,3157,2748,409,0,3040,8188,42
1784969792.6112623,ok,22566,459,2047,24612,3157,2748,409,0,3040,8188,44
1784969793.6586242,ok,22554,459,2047,24612,3157,2748,409,0,3040,8188,42
1784969794.70333,ok,22523,459,2047,24612,3157,2748,409,0,3040,8188,40
1784969795.753219,ok,22503,459,2047,24612,3157,2748,409,0,3040,8188,43
1784969796.8007777,ok,22495,459,2047,24612,3157,2748,409,0,3040,8188,39
1784969797.8487105,ok,22487,459,2047,24612,3157,2748,409,0,3040,8188,42
1784969798.8948915,ok,22501,459,2047,24612,3157,2748,409,0,3040,8188,43
1784969799.9535034,ok,22482,459,2047,24612,3157,2748,409,0,3040,8188,42
1784969801.0032194,ok,22490,459,2047,24612,3157,2748,409,0,3040,8188,41
1784969802.0533452,ok,22470,459,2047,24612,3157,2748,409,0,3040,8188,46
1784969803.103903,ok,22461,459,2047,24612,3157,2748,409,0,3040,8188,38
1784969804.1475801,ok,22447,459,2047,24612,3157,2748,409,0,3041,8188,38
1784969805.1928794,ok,22454,459,2047,24612,3157,2748,409,0,3042,8188,38
1784969806.237767,ok,22459,459,2047,24612,3157,2748,409,0,3042,8188,40
1784969807.2854972,ok,22486,459,2047,24612,3157,2748,409,0,3043,8188,35
1784969808.327589,ok,22494,459,2047,24612,3157,2748,409,0,3044,8188,37
1784969809.3690755,ok,22496,459,2047,24612,3157,2748,409,0,3045,8188,36
1784969810.4184773,ok,22503,459,2047,24612,3157,2748,409,0,3046,8188,37
1784969811.4671395,ok,22521,459,2047,24612,3157,2748,409,0,3047,8188,38
1784969812.5165672,ok,22509,459,2047,24612,3157,2748,409,0,3048,8188,38
1784969813.5628343,ok,22533,459,2047,24612,3157,2748,409,0,3049,8188,37
1784969814.6068182,ok,22528,459,2047,24612,3157,2748,409,0,3049,8188,39
1784969815.6580436,ok,22540,459,2047,24612,3157,2748,409,0,3050,8188,38
1784969816.707447,ok,22572,459,2047,24612,3157,2748,409,0,3051,8188,39
1784969817.7570412,ok,22542,459,2047,24612,3157,2748,409,0,3052,8188,39
1784969818.8108199,ok,22555,459,2047,24612,3157,2748,409,0,3053,8188,39
1784969819.85643,ok,22526,459,2047,24612,3157,2748,409,0,3054,8188,39
1784969820.912715,ok,22528,459,2047,24612,3157,2748,409,0,3055,8188,39
1784969821.9620948,ok,22527,459,2047,24612,3157,2748,409,0,3056,8188,40
1784969823.0164788,ok,22509,459,2047,24612,3157,2748,409,0,3056,8188,39
1784969824.0658734,ok,22514,459,2047,24612,3157,2748,409,0,3057,8188,39
1784969825.109726,ok,22525,459,2047,24612,3157,2748,409,0,3058,8188,39
1784969826.1585793,ok,22519,459,2047,24612,3157,2748,409,0,3059,8188,39
1784969827.2057421,ok,22533,459,2047,24612,3157,2748,409,0,3060,8188,39
1784969828.2580204,ok,22526,459,2047,24612,3157,2748,409,0,3061,8188,39
1784969829.305282,ok,22516,459,2047,24612,3157,2748,409,0,3062,8188,39
1784969830.351492,ok,22518,459,2047,24612,3157,2748,409,0,3063,8188,39
1784969831.3982432,ok,22537,459,2047,24612,3157,2748,409,0,3063,8188,39
1784969832.4518073,ok,22531,459,2047,24612,3157,2748,409,0,3064,8188,39
1784969833.4946032,ok,22530,459,2047,24612,3157,2748,409,0,3065,8188,39
1784969834.549683,ok,22542,459,2047,24612,3157,2748,409,0,3066,8188,39
1784969835.5964417,ok,22546,459,2047,24612,3157,2748,409,0,3067,8188,39
1784969836.642963,ok,22542,459,2047,24612,3157,2748,409,0,3068,8188,39
1784969837.690057,ok,22535,459,2047,24612,3157,2748,409,0,3069,8188,39
1784969838.73995,ok,22546,459,2047,24612,3157,2748,409,0,3070,8188,40
1784969839.7830386,ok,22544,459,2047,24612,3157,2748,409,0,3070,8188,40
1784969840.8261685,ok,22532,459,2047,24612,3157,2748,409,0,3071,8188,40
1784969841.880201,ok,22520,459,2047,24612,3157,2748,409,0,3072,8188,39
1784969842.9350636,ok,22534,459,2047,24612,3157,2748,409,0,3073,8188,40
1784969843.989927,ok,22519,459,2047,24612,3157,2748,409,0,3074,8188,41
1784969845.0339813,ok,22526,459,2047,24612,3157,2748,409,0,3075,8188,40
1784969846.0914454,ok,22521,460,2047,24612,3157,2748,409,0,3076,8188,39
1784969847.1338236,ok,22493,460,2047,24612,3157,2748,409,0,3077,8188,40
1784969848.177839,ok,22493,461,2047,24612,3157,2748,409,0,3077,8188,37
1784969849.225904,ok,22506,461,2047,24612,3157,2748,409,0,3078,8188,39
1784969850.2765858,ok,22509,461,2047,24612,3157,2748,409,0,3079,8188,39
1784969851.327697,ok,22529,461,2047,24612,3157,2748,409,0,3080,8188,39
1784969852.3747668,ok,22513,461,2047,24612,3157,2748,409,0,3081,8188,39
1784969853.418934,ok,22522,461,2047,24612,3157,2748,409,0,3082,8188,41
1784969854.4645336,ok,22517,461,2047,24612,3157,2748,409,0,3083,8188,39
1784969855.5115566,ok,22532,461,2047,24612,3157,2748,409,0,3084,8188,36
1784969856.5608985,ok,22522,461,2047,24612,3157,2748,409,0,3084,8188,41
1784969857.6077168,ok,22513,461,2047,24612,3157,2748,409,0,3085,8188,39
1784969858.6585135,ok,22524,461,2047,24612,3157,2748,409,0,3086,8188,39
1784969859.7094572,ok,22528,461,2047,24612,3157,2748,409,0,3087,8188,39
1784969860.759805,ok,22531,461,2047,24612,3157,2748,409,0,3088,8188,40
1784969861.8055449,ok,22527,461,2047,24612,3157,2748,409,0,3089,8188,37
1784969862.853962,ok,22534,461,2047,24612,3157,2748,409,0,3090,8188,38
1784969863.900174,ok,22534,461,2047,24612,3157,2748,409,0,3091,8188,39
1784969864.949911,ok,22520,461,2047,24612,3157,2748,409,0,3091,8188,38
1784969865.9975996,ok,22532,461,2047,24612,3157,2748,409,0,3092,8188,38
1784969867.056823,ok,22520,461,2047,24612,3157,2748,409,0,3093,8188,40
1784969868.108931,ok,22534,461,2047,24612,3157,2748,409,0,3094,8188,39
1784969869.166094,ok,22536,461,2047,24612,3157,2748,409,0,3095,8188,40
1784969870.2134025,ok,22520,461,2047,24612,3157,2748,409,0,3096,8188,39
1784969871.2803984,ok,22522,461,2047,24612,3157,2748,409,0,3097,8188,40
1784969872.3255904,ok,22519,461,2047,24612,3157,2748,409,0,3098,8188,39
1784969873.3750048,ok,22518,461,2047,24612,3158,2748,409,0,3098,8188,39
1784969874.4256392,ok,22521,461,2047,24612,3158,2748,409,0,3099,8188,40
1784969875.4726698,ok,22509,461,2047,24612,3158,2748,409,0,3100,8188,39
1784969876.5204165,ok,22512,461,2047,24612,3158,2748,409,0,3101,8188,39
1784969877.567634,ok,22518,461,2047,24612,3159,2750,409,0,3102,8188,39
1784969878.6153045,ok,22522,461,2047,24612,3159,2750,409,0,3103,8188,39
1784969879.6658256,ok,22525,461,2047,24612,3159,2750,409,0,3104,8188,39
1784969880.715314,ok,22538,461,2047,24612,3159,2750,409,0,3105,8188,40
1784969881.764648,ok,22524,461,2047,24612,3159,2750,409,0,3105,8188,40
1784969882.8190901,ok,22534,461,2047,24612,3160,2750,409,0,3106,8188,39
1784969883.8732693,ok,22547,461,2047,24612,3160,2750,409,0,3107,8188,40
1784969884.9216118,ok,22558,461,2047,24612,3160,2750,409,0,3108,8188,41
1784969885.9702873,ok,22536,461,2047,24612,3160,2750,409,0,3109,8188,40
1784969887.0263884,ok,22544,461,2047,24612,3160,2750,409,0,3110,8188,39
1784969888.0757244,ok,22536,461,2047,24612,3160,2750,409,0,3112,8188,39
1784969889.1234663,ok,22546,461,2047,24612,3160,2750,409,0,3113,8188,41
1784969890.1728551,ok,22554,461,2047,24612,3160,2750,409,0,3113,8188,39
1784969891.2180274,ok,22553,461,2047,24612,3160,2750,409,0,3114,8188,40
1784969892.2638614,ok,22559,461,2047,24612,3160,2750,409,0,3115,8188,40
1784969893.3174548,ok,22539,461,2047,24612,3160,2750,409,0,3116,8188,39
1784969894.3648038,ok,22513,461,2047,24612,3160,2750,409,0,3117,8188,39
1784969895.409877,ok,22482,461,2047,24612,3160,2750,409,0,3108,8188,45
1784969896.4527304,ok,22467,461,2047,24612,3160,2750,409,0,3051,8188,40
1784969897.4981508,ok,22506,461,2047,24612,3160,2750,409,0,3051,8188,38
1784969898.5492117,ok,22504,461,2047,24612,3160,2750,409,0,3041,8188,39
1784969899.601318,ok,22524,461,2047,24612,3160,2751,409,0,3041,8188,38
1784969900.6492207,ok,22501,461,2047,24612,3160,2751,409,0,3041,8188,45
1784969901.6952024,ok,22503,461,2047,24612,3160,2751,409,0,3041,8188,44
1784969902.7464564,ok,22478,461,2047,24612,3160,2751,409,0,3041,8188,50
1784969903.8001046,ok,22494,461,2047,24612,3160,2751,409,0,3041,8188,42
1784969904.8514378,ok,22481,461,2047,24612,3160,2751,409,0,3041,8188,45
1784969905.9051735,ok,22493,461,2047,24612,3160,2751,409,0,3062,8188,16
1784969906.9539044,ok,22486,461,2047,24612,3160,2751,409,0,3058,8188,65
1784969908.0044787,ok,22479,461,2047,24612,3160,2751,409,0,3062,8188,63
1784969909.0581007,ok,22480,461,2047,24612,3160,2751,409,0,3050,8188,57
1784969910.1086993,ok,22470,461,2047,24612,3160,2751,409,0,3050,8188,61
1784969911.15879,ok,22482,461,2047,24612,3160,2751,409,0,3050,8188,64
1784969912.2193856,ok,22487,461,2047,24612,3160,2751,409,0,3054,8188,66
1784969913.2734692,ok,22477,461,2047,24612,3160,2751,409,0,3042,8188,26
1784969914.3312304,ok,22471,461,2047,24612,3160,2751,409,0,3050,8188,48
1784969915.3883467,ok,22489,461,2047,24612,3160,2751,409,0,3054,8188,61
1784969916.4332793,ok,22484,461,2047,24612,3160,2751,409,0,3042,8188,26
1784969917.487782,ok,22487,461,2047,24612,3160,2751,409,0,3054,8188,30
1784969918.5409365,ok,22484,461,2047,24612,3160,2751,409,0,3050,8188,58
1784969919.5960417,ok,22474,461,2047,24612,3160,2751,409,0,3050,8188,59
1784969920.649385,ok,22465,461,2047,24612,3160,2751,409,0,3050,8188,53
1784969921.6969304,ok,22464,461,2047,24612,3160,2751,409,0,3038,8188,33
1784969922.7447708,ok,22477,461,2047,24612,3160,2751,409,0,3038,8188,37
1784969923.793325,ok,22468,461,2047,24612,3160,2751,409,0,3038,8188,31
1784969924.8407402,ok,22476,461,2047,24612,3160,2751,409,0,3038,8188,25
1784969925.8869715,ok,22474,461,2047,24612,3160,2751,409,0,3050,8188,38
